Name,Address
1. Hospital for Special Surgery/Cornell Medical Center, "535 East 70th Street New York NY 10021"
2. Mayo Clinic College of Medicine and Science (Rochester),"200 First Street SW Rochester MN 55905"
3. NYU Grossman School of Medicine/NYU Langone Orthopedic Hospital,"301 East 17th Street, New York, NY 10003"
4. Washington University, "4455 Duncan Avenue, St. Louis, MO 63110"
5. Mass General Brigham/Massachusetts General Hospital/Brigham and Women's Hospital/Harvard Medical School (Boston),"55 Fruit Street, Boston, MA 02114"
6. Rush Medical Center Orthopaedic Surgery Residency,"1653 W Congress Pkwy, Chicago, IL 60612"
7. Duke Orthopaedic Surgery Residency,"311 Trent Drive, Durham, NC 27710"
8. Vanderbilt Orthopaedic Surgery Residency,"1211 Medical Center Drive, Nashville, TN 37232"
9. University of Washington, "1959 N.E. Pacific St., Seattle, WA 98195-6500"
10. University of Iowa Hospitals and Clinics,"200 Hawkins Drive, Iowa City, IA 52242"
11. Sidney Kimmel Medical College at Thomas Jefferson University/TJUH,"111 S. 11th Street, Philadelphia, PA 19107"
12. University of Utah Health, "590 Wakara Way, Salt Lake City, Utah, 84108"
13. UPMC Medical Education,"3600 Forbes Ave, Forbes Tower Plaza Level, Suite 140, Pittsburgh, PA 15213"
14. University of California (San Francisco),"500 Parnassus Avenue, San Francisco, CA, 94143"
15. Emory University School of Medicine,"57 Executive Park South, Atlanta, GA, 30329"
16. Carolinas Medical Center,"1000 Blythe Blvd, Charlotte, NC, 28203"
17. Cleveland Clinic Foundation,"9500 Euclid Avenue, Cleveland, OH, 44195"
18. University of Pennsylvania Health System,"3400 Spruce Street, Philadelphia, PA,19104"
19. University of Southern California/Los Angeles General Medical Center (USC/LA General),"1200 N State St, Los Angeles, CA, 90033"
20. New York Presbyterian Hospital (Columbia Campus),"622 West 168th Street, New York, NY, 10032"
21. University of Michigan,"1500 E Medical Center Drive, Taubman Center, Ann Arbor, MI 48109"
22. University of Tennessee/Campbell Clinic,"1211 Union Avenue, Suite 510, Memphis, TN 38104"
23. Stanford Health Care‑Sponsored Stanford University,"450 Broadway Street, MC, 6342, Redwood City, CA 94063"
24. University of California Davis Health,"4860 Y Street, Suite 3800, Sacramento, CA 95817"
25. University of Miami/Jackson Health System,"1120 NW 14th Street (CRB Rm 1263Z), Miami, FL 33136"
26. Zucker School of Medicine at Hofstra/Northwell,"270 76th Avenue, New Hyde Park, NY 11040"
27. McGaw Medical Center of Northwestern University,"676 N St Clair St, Suite, 1350, Chicago, IL 60611"
28. University of Texas Southwestern Medical Center,"5323 Harry Hines Blvd, Dallas, TX 75390"
29. Brown University/Rhode Island Hospital Orthopaedic Surgery Residency, "593 Eddy Street, Providence, RI 02903"
30. University of Maryland Orthopaedic Surgery Residency, "Department of Orthopaedics, Suite S11B, 22 S Greene St, Baltimore, MD 21201"
31. University of Virginia Orthopaedic Surgery Residency, "200 Jeanette Lancaster Way, Charlottesville, VA 22903"
32. Johns Hopkins University Orthopaedic Surgery Residency, "600 N Wolfe Street, Administration Building 324, Baltimore, MD 21287-1824"
33. Hofstra/Northwell at Huntington Hospital Orthopaedic Surgery Residency, "270 Park Avenue, Huntington, NY 11743"
34. University of Florida Orthopaedic Surgery Residency, "655 West 8th Street, C126, Jacksonville, FL 32209"
35. University of Minnesota Orthopaedic Surgery Residency, "2450 Riverside Avenue S, Suite R200, Minneapolis, MN 55454"
36. Northwestern University/McGaw Medical Center Orthopaedic Surgery Residency, "11100 Euclid Avenue, Cleveland, OH 44106"
37. University of Wisconsin Hospitals and Clinics Orthopaedic Surgery Residency, "1685 Highland Avenue, Madison, WI 53705"
38. Hofstra/Northwell at Lenox Hill Hospital Orthopaedic Surgery Residency, "130 East 77th Street, 11th Floor, New York, NY 10075"
39. UC San Diego Medical Center Orthopaedic Surgery Residency, "200 W Arbor Drive, San Diego, CA 92103"
40. UCLA David Geffen School of Medicine/UCLA Medical Center Orthopaedic Surgery Residency, "10833 Le Conte Ave, Los Angeles, CA 90095"
41. UT Health Houston/McGovern Medical School Orthopaedic Surgery Residency, "6431 Fannin Street, MSB 6.140, Houston, TX 77030"
42. Loyola University Medical Center Orthopaedic Surgery Residency, "2160 S First Ave, Maywood, IL 60153"
43. University of South Florida Morsani College Orthopaedic Surgery Residency, "5 Tampa General Circle, Suite 710, Tampa, FL 33606"
44. UT Health San Antonio/Long School of Medicine Orthopaedic Surgery Residency, "7703 Floyd Curl Drive, San Antonio, TX 78229"
45. Mayo Clinic College of Medicine Phoenix Orthopaedic Surgery Residency, "5777 E Mayo Blvd, Phoenix, AZ 85054"
46. MedStar Health Georgetown University Orthopaedic Surgery Residency, "3800 Reservoir Rd NW, Washington, DC 20007"
47. Cedars Sinai Medical Center Orthopaedic Surgery Residency, "Room 2727, 8700 Beverly Blvd, Los Angeles, CA 90048"
48. University of New Mexico Orthopaedic Surgery Residency, "1 University of New Mexico Stop 0095, Albuquerque, NM 87131"
49. Boston University Medical Center Orthopaedic Surgery Residency,"725 Albany Street, Shapiro Campus, Boston, MA 02118"
50. University of Arkansas for Medical Sciences Orthopaedic Surgery Residency,"4301 W. Markham Street, Little Rock, AR 72205"
51. University of Rochester Medical Center Orthopaedic Surgery Residency,"601 Elmwood Ave, Rochester, NY 14642"
52. Allegheny Health Network Medical Education Consortium (AGH) Orthopaedic Surgery Residency,"Allegheny General Hospital, 1307 Federal Street, 2nd Floor, Pittsburgh, PA 15212"
53. Baylor College of Medicine Orthopaedic Surgery Residency,"7200 Cambridge Street, Houston, TX 77030"
54. University of Colorado Orthopaedic Surgery Residency,"University of Colorado Denver School of Medicine, 12631 E. 17th Avenue, Mail Stop B202, Aurora, CO 80045"
55. Tulane University Orthopaedic Surgery Residency,"1430 Tulane Avenue, New Orleans, LA 70112"
56. Tufts Medical Center Orthopaedic Surgery Residency,"800 Washington Street, Box 306, Boston, MA 02111-1552"
57. Wake Forest University Baptist Medical Center Orthopaedic Surgery Residency,"Medical Center Boulevard, Winston Salem, NC 27157"  
58. Rutgers Health/New Jersey Medical School Orthopaedic Surgery Residency, "140 Bergen St, Newark, NJ 07103"
59. University of Chicago Orthopaedic Surgery Residency, "5758 S Maryland Avenue,  Chicago, IL 60637"
60. Yale-New Haven Medical Center Orthopaedic Surgery Residency, "Yale New Haven Hospital, New Haven, CT 06520"
61. Robert Wood Johnson Medical School Orthopaedic Surgery Residency, "P.O. Box 19, MEB 422, 51 French Street, New Brunswick, NJ 08903"
62. University of Alabama Medical Center Orthopaedic Surgery Residency, "Jefferson Tower J136, 619 19th Street South, Birmingham, AL 35249"
63. NYU Grossman Long Island Orthopaedic Surgery Residency, "222 Station Plaza N, Suite 305, Mineola, NY 11501"
64. Henry Ford Health/Henry Ford Hospital Orthopaedic Surgery Residency, "CFP-642, 2799 W Grand Blvd, Detroit, MI 48202"
65. Prisma Health/University of South Carolina SOM Greenville Orthopaedic Surgery Residency, "701 Grove Road, 2nd Floor Support Tower, Greenville, SC 29605"
66. Los Angeles County‑Harbor‑UCLA Medical Center Orthopaedic Surgery Residency, "1000 W Carson St, Box 422, Torrance, CA 90509"
67. Temple University Hospital Orthopaedic Surgery Residency, "3401 N Broad St, Boyer Pavilion 5th Floor, Philadelphia, PA 19140"
68. Ohio State University Hospital Orthopaedic Surgery Residency, "241 W 11th Ave, Suite 6080, Columbus, OH 43210"
69. Corewell Health – Grand Rapids/Michigan State University Orthopaedic Surgery Residency, "300 Lafayette SE, Suite 3400, Grand Rapids, MI 49503"
70. Oregon Health & Science University (OHSU Health) Orthopaedic Surgery Residency, "3181 SW Sam Jackson Park Road, Portland, OR 97239"
71. Dell Medical School at UT Austin Orthopaedic Surgery Residency, "1701 Trinity Street, Health Discovery Building, Austin, TX 78712"
72. University of North Carolina Hospitals Orthopaedic Surgery Residency, "UNC Hospitals Department of Orthopaedics CB#7055, Chapel Hill, NC 27599"
73. Icahn School of Medicine at Mount Sinai Orthopaedic Surgery Residency, "Mount Sinai Medical Center, Box 1188, 5 E 98th St, New York, NY 10029"
74. University of Cincinnati Medical Center/College of Medicine Orthopaedic Surgery Residency,"University of Cincinnati Medical Center, 3188 Bellevue Ave, Cincinnati, OH 45219"
75. MedStar Health Georgetown University (Baltimore) Orthopaedic Surgery Residency,"MedStar Union Memorial Hospital, 201 E University Pkwy, Baltimore, MD 21218"
76. William Beaumont Army Medical Center/Texas Tech University (El Paso) Orthopaedic Surgery Residency,"William Beaumont Army Medical Center, 18511 Highlander Medics St, El Paso, TX 79906"
77. OhioHealth/Doctors Hospital Orthopaedic Surgery Residency,"Doctors Hospital, 5100 W Broad St, Columbus, OH 43228"
78. University of Kansas School of Medicine Orthopaedic Surgery Residency,"3901 Rainbow Blvd, Mail Stop 3017, Kansas City, KS 66160"
79. Orlando Health Orthopaedic Surgery Residency,"Orlando Health, 1335 Sligh Blvd, 5th Floor, MP 41, Orlando, FL 32806"
80. Virginia Commonwealth University Health System Orthopaedic Surgery Residency,"VCU Health Department of Orthopaedic Surgery, Box 980153, Richmond, VA 23298"
81. University of Missouri‑Columbia Orthopaedic Surgery Residency,"Missouri Orthopaedic Institute, 1100 Virginia Ave, Columbia, MO 65212"
82. University of California, Irvine Orthopaedic Surgery Residency, "333 City Blvd, Suite 800, Orange, CA 92868"
83. Indiana University School of Medicine Orthopaedic Surgery Residency, "550 N University Blvd, Suite 6201, IU Health University Hospital, Indianapolis, IN 46202"
84. Summa Health System/NEOMED Orthopaedic Surgery Residency, "141 N Forge St, Akron, OH 44304"
85. Western Michigan University Homer Stryker MD School of Medicine Orthopaedic Surgery Residency, "W.E. Upjohn M.D. Campus, Oakland Drive Campus, Kalamazoo, MI"  
86. University of Louisville School of Medicine Orthopaedic Surgery Residency, "University of Louisville, 530 S Jackson St, Louisville, KY 40202"
87. Medical University of South Carolina Orthopaedic Surgery Residency, "Lung/Orthopaedic Research Center, 25 Courtenay Drive, Charleston, SC 29425"
88. Riverside University Health System Orthopaedic Surgery Residency, "26520 Cactus Ave, Moreno Valley, CA 92555"
89. Nassau University Medical Center Orthopaedic Surgery Residency, "2201 Hempstead Turnpike, East Meadow, NY 11554"
90. University of Kentucky College of Medicine Orthopaedic Surgery Residency, "500 S Limestone, Suite B213 Chandler Medical Center, Lexington, KY 40536"
91. Louisiana State University School of Medicine Orthopaedic Surgery Residency, "1501 Kings Highway, Shreveport, LA 71130"
92. Geisinger Health System (Danville) Orthopaedic Surgery Residency, "100 North Academy Avenue, Danville, PA 17822"
93. Penn State Milton S. Hershey Medical Center Orthopaedic Surgery Residency, "30 Hope Drive, Suite 2400, Hershey, PA 17033"
94. University of Connecticut Orthopaedic Surgery Residency, "263 Farmington Avenue, Farmington, CT 06030"
95. SAUSHEC Orthopaedic Surgery Residency (San Antonio Uniformed Services Health Education Consortium), "3551 Roger Brooke Drive, JBSA Ft Sam Houston, TX 78234"
96. University of Nebraska Medical Center College of Medicine Orthopaedic Surgery Residency, "Department of Orthopaedic Surgery and Rehabilitation, Nebraska Medical Center, Omaha, NE 68198-5640"
97. Montefiore Medical Center/Albert Einstein College of Medicine Orthopaedic Surgery Residency, "Hutchinson Metro Center, 1250 Waters Place, 11th Floor, Bronx, NY 10461-2704"
98. University of Mississippi Medical Center Orthopaedic Surgery Residency, "2500 N State Street, Jackson, MS 39216"
99. John Peter Smith Hospital Orthopaedic Surgery Residency, "1500 S Main Street, Fort Worth, TX 76104"
100. Corewell Health William Beaumont University Hospital (Taylor) Orthopaedic Surgery Residency,"3601 W 13 Mile Rd, Royal Oak, MI 48073"
101. St Luke's University Hospital Orthopaedic Surgery Residency,"801 Ostrum Street, Bethlehem, PA 18015"
102. Louisiana State University Shreveport Orthopaedic Surgery Residency, "1501 Kings Highway, Shreveport, LA 71130"
103. Dartmouth Hitchcock/Mary Hitchcock Memorial Hospital Orthopaedic Surgery Residency, "1 Medical Center Dr, Lebanon, NH 03766"
104. University at Buffalo Orthopaedic Surgery Residency, "462 Grider Street, Buffalo, NY 14215"
105. Womack Army Medical Center Orthopaedic Surgery Residency, "2817 Rock Merritt Avenue, Fort Bragg, NC 28310"
106. UMass Chan Medical School Orthopaedic Surgery Residency, "Worcester, MA, 01655"
107. Henry Ford Genesys Hospital Orthopaedic Surgery Residency, "One Genesys Parkway, Grand Blanc, MI 48439"
108. National Capital Consortium Orthopaedic Surgery Residency, "8901 Wisconsin Ave, Bethesda, MD 20889"
109. Medical College of Wisconsin Affiliated Hospitals Orthopaedic Surgery Residency, "8701 Watertown Plank Rd, Milwaukee, WI 53226"
110. Samaritan Health Services Corvallis Orthopaedic Surgery Residency, "3620 NW Samaritan Dr, Corvallis, OR 97330"
111. Baylor University Medical Center Orthopaedic Surgery Residency, "3500 Gaston Ave, Dallas, TX 75246"
112. Jack Hughston Memorial Hospital Orthopaedic Surgery Residency, "4401 River Chase Dr, Phenix City, AL 36867"
113. University of Arizona College of Medicine Tucson Orthopaedic Surgery Residency, "Department of Orthopaedic Surgery, PO Box 245064, Tucson, AZ 85724"
114. University of Tennessee College of Medicine at Chattanooga Orthopaedic Surgery Residency, "975 E Third St,  Chattanooga, TN 37403"
115. Wright State University Orthopaedic Surgery Residency, "Miami Valley Hospital, 30 E Apple St, Dayton, OH 45409"
116. University of Illinois College of Medicine at Chicago Orthopaedic Surgery Residency, "835 S Wolcott Avenue, Room E‑270, Chicago, IL 60612"
117. Loma Linda University Health Education Consortium Orthopaedic Surgery Residency, "11234 Anderson Street, Loma Linda, CA 92354"
118. Kettering Health Network Orthopaedic Surgery Residency, "3535 Southern Blvd, Kettering, OH 45429"
119. Medical College of Georgia Orthopaedic Surgery Residency, "1120 15th Street, Augusta, GA 30912"
120. West Virginia University Orthopaedic Surgery Residency, "1 Medical Center Drive, Morgantown, WV 26506"
121. Wellspan Health/York Hospital Orthopaedic Surgery Residency, "1001 S George St, York, PA 17403"
122. University of Kansas (Wichita) Orthopaedic Surgery Residency, "1010 N Kansas St, Wichita, KS 67214"
123. UPMC Medical Education/Hamot Orthopaedic Surgery Residency, "201 State St, Erie, PA 16501"
124. University of Oklahoma Health Sciences Center Orthopaedic Surgery Residency, "PO Box 26901, 920 Stanton L. Young Blvd, Oklahoma City, OK 73126"
125. Ochsner Clinic Foundation Orthopaedic Surgery Residency, "1514 Jefferson Hwy, 5th Floor, New Orleans, LA 70121"
126. Houston Methodist Hospital Orthopaedic Surgery Residency, "6565 Fannin St, Houston, TX 77030"
127. Tripler Army Medical Center Orthopaedic Surgery Residency, "1 Jarrett White Rd, Tripler Army Medical Center, Honolulu, HI 96859"
128. Naval Medical Center San Diego Orthopaedic Surgery Residency, "34800 Bob Wilson Dr, San Diego, CA 92134"
129. University of Texas Medical Branch Hospitals Orthopaedic Surgery Residency, "301 University Blvd, Galveston, TX 77555"
130. University of Vermont Medical Center Orthopaedic Surgery Residency, "111 Colchester Ave, Burlington, VT 05401"
131. Baylor Scott & White Medical Center Temple/Baylor College of Medicine Orthopaedic Surgery Residency, "400 S 8th St, Temple, TX 76508"
132. Cleveland Clinic Foundation/Akron General Orthopaedic Surgery Residency,"1 Akron General Avenue, Akron, OH 44307"
133. University of Arizona College of Medicine‑Phoenix Orthopaedic Surgery Residency,"475 N 5th St, Phoenix, AZ 85004"
134. George Washington University Orthopaedic Surgery Residency,"2300 K St NW, Washington, DC 20037"
135. MedStar Health Georgetown University (Harrisburg) Orthopaedic Surgery Residency,"3901 N Front St, Harrisburg, PA 17110"
136. SSM Health/Saint Louis University School of Medicine Orthopaedic Surgery Residency,"3635 Vista Ave, St. Louis, MO 63110"
137. Detroit Medical Center/Wayne State University Orthopaedic Surgery Residency,"4201 St Antoine St, Detroit, MI 48201"
138. University of Toledo Orthopaedic Surgery Residency,"3000 Arlington Avenue, Toledo, OH 43614"
139. Rutgers Health/Jersey City Medical Center Orthopaedic Surgery Residency,"355 Grand St, Jersey City, NJ 07302"
140. Western Reserve Hospital Orthopaedic Surgery Residency, "1900 23rd Street, Cuyahoga Falls, OH 44223"
141. Jefferson Einstein Philadelphia Hospital Orthopaedic Surgery Residency, "5501 Old York Road, Philadelphia, PA 19141"
142. Oklahoma State University Center for Health Sciences Orthopaedic Surgery Residency, "1111 W 17th St, Tulsa, OK 74107"
143. Stony Brook Medicine/University Hospital Orthopaedic Surgery Residency, "101 Nicolls Road, Health Sciences Center, Level 4, Stony Brook, NY 11794"
144. AdventHealth Florida Orthopaedic Surgery Residency, "601 East Rollins Street, Orlando, FL 32803"
145. SUNY Downstate Health Sciences University Orthopaedic Surgery Residency, "450 Clarkson Avenue, Brooklyn, NY 11203"
146. Madigan Army Medical Center Orthopaedic Surgery Residency, "9040 Fitzsimmons Drive, Tacoma, WA 98431"
147. Cooper Medical School of Rowan University/Cooper University Hospital Orthopaedic Surgery Residency, "401 Broadway, Camden, NJ 08103"
148. Mount Carmel Health System Orthopaedic Surgery Residency,"5300 North Meadows Dr, Grove City, OH 43123"
149. Naval Medical Center Portsmouth Orthopaedic Surgery Residency,"620 John Paul Jones Circle, Portsmouth, VA 23708-2197"
150. Geisinger Health System‑Wilkes Barre Orthopaedic Surgery Residency,"1175 East Mountain Blvd, Wilkes Barre, PA 18702"
151. Prisma Health/University of South Carolina SOM Columbia Orthopaedic Surgery Residency,"Columbia, SC 29203"  
152. Albany Medical Center Orthopaedic Surgery Residency,"43 New Scotland Ave Albany, NY 12208"
153. UCSF Fresno Orthopaedic Surgery Residency,"155 N Fresno St, Fresno, CA 93701-2302"
154. Valley Consortium for Medical Education Orthopaedic Surgery Residency,"Modesto, CA"  
155. Maimonides Medical Center Orthopaedic Surgery Residency,"927 49th St, Brooklyn, NY 11219"
156. East Tennessee State University/Quillen College of Medicine Orthopaedic Surgery Residency, "400 N State of Franklin Road, Suite 7303, Johnson City, TN 37614"
157. Marshall University School of Medicine Orthopaedic Surgery Residency, "1600 Medical Center Drive, Suite G500, Huntington, WV 25701"
158. Broward Health Orthopaedic Surgery Residency, "1600 S Andrews Ave, Fort Lauderdale, FL 33316"
159. University of Florida College of Medicine Jacksonville Orthopaedic Surgery Residency, "655 West 8th Street, Jacksonville, FL 32209"
160. SUNY Upstate Medical University Orthopaedic Surgery Residency, "750 E Adams Street, Syracuse, NY 13210"
161. Philadelphia College of Osteopathic Medicine Orthopaedic Surgery Residency, "4170 City Line Avenue, Philadelphia, PA 19131"
162. USA Health Orthopaedic Surgery Residency, "1601 Center Street, Suite 3A, Mobile, AL 36604"
163. Hackensack University Medical Center Orthopaedic Surgery Residency, "20 Prospect Avenue, 6th Floor Suite 600, Hackensack, NJ 07601"
164. McLaren Health Care/Greater Lansing/MSU Orthopaedic Surgery Residency, "401 W Greenlawn Avenue, Lansing, MI 48910"
165. Wellstar Health System/Wellstar Kennestone Regional Medical Center Orthopaedic Surgery Residency, "677 Church Street NE, Marietta, GA 30060"
166. University of Missouri Kansas City School of Medicine Orthopaedic Surgery Residency, "3901 Rainbow Blvd, Mail Stop 3017, Kansas City, KS 66160"
167. Cleveland Clinic Foundation/South Pointe Hospital Orthopaedic Surgery Residency, "5930 Brecksville Road, Cleveland, OH 44131"
168. UCSF Health St. Mary Hospital Orthopaedic Surgery Residency, "450 Stanyan Street, San Francisco, CA 94117"
169. Southern Illinois University Orthopaedic Surgery Residency, "701 North First Street, Springfield, IL 62781"
170. University of Hawaii Orthopaedic Surgery Residency, "1356 Lusitana Street, Honolulu, HI 96813"
171. Aultman Hospital/NEOMED Orthopaedic Surgery Residency, "2600 6th St SW, Canton, OH 44710"
172. Franciscan Health Olympia Fields Orthopaedic Surgery Residency, "20201 South Crawford Avenue, Olympia Fields, IL 60461"
173. St Joseph's University Medical Center Orthopaedic Surgery Residency, "703 Main Avenue, Paterson, NJ 07503"
174. University of North Dakota School of Medicine and Health Sciences Orthopaedic Surgery Residency, "501 North Columbia Road, Fargo, ND 58102"
175. HCA Florida/USF Morsani College Orthopaedic Surgery Residency Tampa South, "8930 State Road 54, New Port Richey, FL 34654"
176. Sinai Hospital of Baltimore Orthopaedic Surgery Residency, "2401 West Belvedere Avenue, Baltimore, MD 21215"
177. Kirk Kerkorian School of Medicine at UNLV Orthopaedic Surgery Residency, "1700 West Charleston Boulevard, Las Vegas, NV 89102"
178. Guthrie/Robert Packer Hospital Orthopaedic Surgery Residency, "One Guthrie Square, Sayre, PA 18840"
179. Mercy St Vincent Medical Center Orthopaedic Surgery Residency, "2213 Cherry Street, Toledo, OH 43608"
180. Henry Ford Providence Hospital Orthopaedic Surgery Residency, "27555 Dequindre Road, Southfield, MI 48033"
181. Texas Tech University Health Sciences Center at Lubbock Orthopaedic Surgery Residency, "3601 4th Street,  Lubbock, TX, 79430"
182. Dwight David Eisenhower Army Medical Center Orthopaedic Surgery Residency, "300 East Hospital Road, Fort Gordon, GA, 30905"
183. Community Memorial Health System Orthopaedic Surgery Residency, "147 N Brent Street, Ventura, CA, 93003"
184. Westchester Medical Center Orthopaedic Surgery Residency, "601 North Broadway, Valhalla, NY, 10595"
185. University of Michigan Health-West Orthopaedic Surgery Residency, "601 John St, Wyoming, MI, 49509"
186. Henry Ford Warren Hospital Orthopaedic Surgery Residency, "2727 Medical Center Dr, Warren, MI, 48091"
187. University of Puerto Rico Orthopaedic Surgery Residency, "PO Box 365067, San Juan, PR, 00936"
188. St Elizabeth Youngstown Hospital Orthopaedic Surgery Residency, "1044 Belmont Avenue, Youngstown, OH, 44501"
189. Atlantic Health System Orthopaedic Surgery Residency (Morristown), "100 Madison Avenue, Morristown, NJ 07960"
190. McLaren Health Care/Macomb/MSU Orthopaedic Surgery Residency, "1000 Harrington Blvd, Mount Clemens, MI 48043"
191. HCA Florida/JFK University of Miami GME Consortium Orthopaedic Surgery Residency, "5300 N Congress Ave, West Palm Beach, FL 33409"
192. OPTI West/Valley Hospital Medical Center Orthopaedic Surgery Residency, "10001 W Charleston Blvd, Las Vegas, NV 89135"
193. Rutgers Health/Monmouth Medical Center Orthopaedic Surgery Residency, "300 Second Avenue, Long Branch, NJ 07740"
194. Henry Ford Health/Henry Ford Macomb Hospital Orthopaedic Surgery Residency, "15855 19 Mile Road, Suite 215, Clinton Township, MI 48038"
195. McLaren Health Care/Flint/MSU Orthopaedic Surgery Residency, "401 S Ballenger Highway, Flint, MI 48532"
196. Kansas City University GME Consortium/HCA Healthcare Kansas City Orthopaedic Surgery Residency, "2301 Village West Pkwy, Kansas City, KS 66111"
197. Jefferson Health New Jersey Orthopaedic Surgery Residency, "One Medical Center Drive, Suite 146, Stratford, NJ 08084"
198. McLaren Health Care/Oakland/MSU Orthopaedic Surgery Residency, "50 North Perry Street, Pontiac, MI 48342"
199. Inspira Health System/Kingsbrook Jewish Med Center (One Brooklyn Health System) Orthopaedic Surgery Residency, "585 Schenectady Avenue, Brooklyn, NY 11203-1891"
200. HCA Medical City Healthcare UNT GME (Denton) Orthopaedic Surgery Residency, "3535 S Interstate 35 E, Denton, TX 76210"
201. Corewell Health (Farmington Hills and Dearborn) Orthopaedic Surgery Residency, "28050 Grand River Ave, Farmington Hills, MI 48336"
202. One Brooklyn Health System/Kingsbrook Jewish Medical Center Orthopaedic Surgery Residency, "585 Schenectady Avenue, Brooklyn, NY 11203-1891"
203. Carilion Clinic Virginia Tech Carilion School of Medicine Orthopaedic Surgery Residency, "1 Riverside Circle, Roanoke, VA 24016"
204. Garden City Hospital Orthopaedic Surgery Residency, "6245 Inkster Rd, Garden City, MI 48135"
205. Larkin Community Hospital Orthopaedic Surgery Residency, "7000 SW 62nd Ave, Suite 600, South Miami, FL 33143"
206. St Joseph's Medical Center Orthopaedic Surgery Residency (Stockton), "1800 N California St, Stockton, CA 95204"
207. UCF/HCA Florida Ocala Hospital Orthopaedic Surgery Residency, "1431 SW First Avenue, GME Suite 7, Ocala, FL 34471"