Name,Full Address
1. Hospital for Special Surgery (HSS),"535 East 70th Street New York NY 10021"
3. NYU Grossman / NYU Langone Orthopedic Hospital,"301 East 17th Street New York NY 10003"
5. Mass General Brigham (Harvard Combined Orthopaedic Residency Program),"55 Fruit Street Boston MA 02114"
6. Rush Medical Center Orthopaedic Surgery Residency,"1653 W Congress Pkwy Chicago IL 60612"
7. Duke Orthopaedic Surgery Residency,"311 Trent Drive, Durham, NC 27710"
8. Vanderbilt Orthopaedic Surgery Residency,"1211 Medical Center Drive, Nashville, TN 37232"
9. Thomas Jefferson Orthopaedic Surgery Residency (Sidney Kimmel MC),"1015 Walnut Street, Philadelphia, PA 19107"
12. UCSF Orthopaedic Surgery Residency Institute,"1500 Owens Street, San Francisco, CA 94158"
13. Emory University Orthopaedic Surgery Residency,"1364 Clifton Rd NE, Atlanta, GA 30322"
14. Carolinas Medical Center Orthopaedic Residency,"1000 Blythe Blvd, Charlotte, NC 28203"
16. University of Pennsylvania Orthopaedic Surgery Residency,"3400 Spruce Street, Philadelphia, PA 19104"
17. USC / LA General Medical Center Orthopaedic Surgery Residency,"2051 Marengo St, Los Angeles, CA 90033"
18. NYP Columbia Campus (Milstein Hospital) Orthopaedic Surgery,"630 West 168th Street, New York, NY 10032"
19. Univeristy of Michigan Medical Center," ""1500 E. Medical Center Drive, Ann Arbor,  MI 48109"" "
21. Stanford Orthopaedic Surgery Residency,"300 Pasteur Drive, Stanford, CA 94305"
25. McGaw Medical Center at Northwestern Orthopaedic Residency,"251 East Huron Street, Chicago, IL 60611"
26. UT Southwestern Medical Center Orthopaedic Surgery Residency,"5323 Harry Hines Blvd, Dallas, TX 75390"
27. Brown University Orthopaedic Residency (Lifespan),"593 Eddy Street, Providence, RI 02903"
29. UVA Health Orthopaedic Residency,"1215 Lee Street, Charlottesville, VA 22908"
38. UCLA Medical Center Orthopaedic Residency,"757 Westwood Plaza, Los Angeles, CA 90095"
43. Georgetown MedStar Health Orthopaedic Residency,"3800 Reservoir Road NW, Washington, DC 20007"
44. Cedars-Sinai Medical Center Orthopaedic Residency,"8700 Beverly Blvd, Los Angeles, CA 90048"
46. Boston University Medical Center Orthopaedic Residency,"820 Harrison Avenue, Boston, MA 02118"
53. Tufts Medical Center Orthopaedic Surgery Residency,"800 Washington St, Boston, MA 02111"
57. Yale New Haven Hospital Orthopaedic Surgery Residency,"20 York Street, New Haven, CT 06510"
68. Dell Medical School at UT Austin Orthopaedic Surgery Residency,"1501 Red River St, Austin, TX 78712"
69. UNC Hospitals Orthopaedic Surgery Residency,"101 Manning Dr, Chapel Hill, NC 27514"
70. Icahn School of Medicine at Mount Sinai Orthopaedic Surgery Residency,"1468 Madison Ave, New York, NY 10029"